filter_hc_mdd,SVMPipeline
filter_hc_mdd,RandomForestPipeline
filter_hc_mdd,LogisticRegressionPipeline
filter_hc_mdd,BoostingPipeline
filter_hc_mdd,NaiveBayesPipeline
filter_hc_mdd,KNNPipeline
filter_hc_mdd_acute,SVMPipeline
filter_hc_mdd_acute,RandomForestPipeline
filter_hc_mdd_acute,LogisticRegressionPipeline
filter_hc_mdd_acute,BoostingPipeline
filter_hc_mdd_acute,NaiveBayesPipeline
filter_hc_mdd_acute,KNNPipeline
filter_hc_mdd_severe,SVMPipeline
filter_hc_mdd_severe,RandomForestPipeline
filter_hc_mdd_severe,LogisticRegressionPipeline
filter_hc_mdd_severe,BoostingPipeline
filter_hc_mdd_severe,NaiveBayesPipeline
filter_hc_mdd_severe,KNNPipeline
filter_hc_mdd_male,SVMPipeline
filter_hc_mdd_male,RandomForestPipeline
filter_hc_mdd_male,LogisticRegressionPipeline
filter_hc_mdd_male,BoostingPipeline
filter_hc_mdd_male,NaiveBayesPipeline
filter_hc_mdd_male,KNNPipeline
filter_hc_mdd_female,SVMPipeline
filter_hc_mdd_female,RandomForestPipeline
filter_hc_mdd_female,LogisticRegressionPipeline
filter_hc_mdd_female,BoostingPipeline
filter_hc_mdd_female,NaiveBayesPipeline
filter_hc_mdd_female,KNNPipeline
filter_hc_mdd_age_24_28,SVMPipeline
filter_hc_mdd_age_24_28,RandomForestPipeline
filter_hc_mdd_age_24_28,LogisticRegressionPipeline
filter_hc_mdd_age_24_28,BoostingPipeline
filter_hc_mdd_age_24_28,NaiveBayesPipeline
filter_hc_mdd_age_24_28,KNNPipeline
